txn_id,accm_txn_complete_time
0,2025-04-30 20:18:00
1,2025-04-30 09:29:00
2,2025-05-01 12:43:00
3,2025-04-30 22:53:00
4,2025-04-30 08:46:00
5,2025-04-30 17:53:00
6,2025-05-02 05:52:00
7,2025-04-30 08:30:00
8,2025-05-02 06:42:00
9,2025-04-30 13:33:00
10,2025-05-01 13:32:00
11,2025-04-30 09:38:00
12,2025-04-30 10:39:00
13,2025-04-30 16:25:00
14,2025-04-30 11:54:00
15,2025-05-01 11:06:00
16,2025-05-01 19:10:00
17,2025-04-30 19:34:00
18,2025-04-30 22:42:00
19,2025-05-02 06:15:00
20,2025-05-01 19:35:00
21,2025-04-30 22:18:00
22,2025-05-01 05:43:00
23,2025-04-30 17:35:00
24,2025-05-01 02:41:00
25,2025-04-30 14:07:00
26,2025-05-02 00:03:00
27,2025-05-01 19:13:00
28,2025-04-30 09:07:00
29,2025-05-01 06:36:00
30,2025-05-02 05:30:00
31,2025-05-02 00:21:00
32,2025-05-01 19:42:00
33,2025-05-01 23:05:00
34,2025-04-30 14:14:00
35,2025-05-02 01:40:00
36,2025-05-01 21:58:00
37,2025-05-01 05:22:00
38,2025-05-01 00:19:00
39,2025-05-01 14:47:00
40,2025-04-30 09:17:00
41,2025-05-01 23:06:00
42,2025-05-01 10:15:00
43,2025-05-01 20:11:00
44,2025-05-01 00:58:00
45,2025-05-01 17:59:00
46,2025-05-01 10:34:00
47,2025-04-30 08:24:00
48,2025-05-01 22:09:00
49,2025-04-30 15:25:00
50,2025-05-02 06:43:00
51,2025-05-01 18:52:00
52,2025-04-30 23:57:00
53,2025-05-02 07:29:00
54,2025-05-01 23:25:00
55,2025-05-01 03:08:00
56,2025-04-30 08:02:00
57,2025-05-01 05:45:00
58,2025-05-01 02:56:00
59,2025-05-02 07:04:00
60,2025-04-30 11:43:00
61,2025-05-01 13:11:00
62,2025-05-01 23:02:00
63,2025-05-01 10:32:00
64,2025-04-30 20:49:00
65,2025-05-02 07:00:00
66,2025-05-02 05:13:00
67,2025-04-30 21:47:00
68,2025-05-01 19:34:00
69,2025-05-01 21:49:00
70,2025-05-02 02:20:00
71,2025-05-02 00:39:00
72,2025-05-01 19:05:00
73,2025-05-01 05:08:00
74,2025-04-30 16:19:00
75,2025-04-30 14:25:00
76,2025-05-01 14:16:00
77,2025-05-01 18:07:00
78,2025-05-02 04:12:00
79,2025-05-01 14:51:00
80,2025-05-01 12:32:00
81,2025-04-30 16:39:00
82,2025-05-02 00:17:00
83,2025-05-01 00:03:00
84,2025-05-01 14:39:00
85,2025-04-30 16:12:00
86,2025-05-01 19:00:00
87,2025-05-01 18:53:00
88,2025-04-30 17:37:00
89,2025-05-01 00:47:00
90,2025-05-01 18:28:00
91,2025-04-30 14:42:00
92,2025-05-01 00:06:00
93,2025-04-30 19:42:00
94,2025-05-01 05:40:00
95,2025-04-30 17:14:00
96,2025-05-01 05:11:00
97,2025-05-01 13:55:00
98,2025-05-01 20:20:00
99,2025-05-01 18:48:00
100,2025-05-01 11:17:00
101,2025-04-30 23:22:00
102,2025-04-30 13:05:00
103,2025-05-01 05:07:00
104,2025-05-01 17:24:00
105,2025-04-30 13:58:00
106,2025-05-01 04:12:00
107,2025-05-01 16:53:00
108,2025-04-30 12:03:00
109,2025-05-01 13:58:00
110,2025-05-02 01:15:00
111,2025-04-30 19:44:00
112,2025-04-30 11:26:00
113,2025-04-30 13:33:00
114,2025-04-30 15:36:00
115,2025-05-01 15:09:00
116,2025-04-30 13:55:00
117,2025-05-01 11:31:00
118,2025-05-01 02:28:00
119,2025-05-01 18:08:00
120,2025-05-01 00:16:00
121,2025-04-30 18:56:00
122,2025-05-02 01:32:00
123,2025-05-02 01:12:00
124,2025-05-01 01:10:00
125,2025-05-01 23:18:00
126,2025-05-01 04:06:00
127,2025-05-01 03:01:00
128,2025-05-01 15:15:00
129,2025-05-01 05:05:00
130,2025-05-01 13:44:00
131,2025-05-01 14:18:00
132,2025-05-02 06:24:00
133,2025-05-02 05:15:00
134,2025-05-01 15:37:00
135,2025-05-01 13:48:00
136,2025-05-01 17:28:00
137,2025-05-02 07:11:00
138,2025-04-30 11:18:00
139,2025-05-01 06:12:00
140,2025-04-30 20:42:00
141,2025-05-01 22:55:00
142,2025-05-01 22:43:00
143,2025-05-01 22:32:00
144,2025-05-02 01:56:00
145,2025-05-02 01:21:00
146,2025-05-01 22:53:00
147,2025-05-01 19:33:00
148,2025-05-01 18:28:00
149,2025-05-01 15:43:00
150,2025-05-01 00:06:00
151,2025-05-01 08:35:00
152,2025-05-01 23:59:00
153,2025-05-01 07:24:00
154,2025-04-30 23:30:00
155,2025-05-01 20:56:00
156,2025-05-01 15:57:00
157,2025-05-01 19:34:00
158,2025-04-30 22:24:00
159,2025-04-30 21:18:00
160,2025-05-01 07:25:00
161,2025-05-01 10:14:00
162,2025-05-02 06:46:00
163,2025-05-01 15:50:00
164,2025-05-02 06:05:00
165,2025-05-02 06:55:00
166,2025-05-02 03:43:00
167,2025-05-01 01:29:00
168,2025-05-01 18:16:00
169,2025-04-30 11:55:00
170,2025-05-02 07:22:00
171,2025-05-01 11:46:00
172,2025-05-01 01:35:00
173,2025-04-30 16:12:00
174,2025-05-01 20:52:00
175,2025-05-01 01:47:00
176,2025-05-02 03:43:00
177,2025-04-30 10:29:00
178,2025-05-02 05:59:00
179,2025-05-01 05:22:00
180,2025-04-30 18:22:00
181,2025-05-02 02:04:00
182,2025-05-01 10:22:00
183,2025-04-30 14:07:00
184,2025-04-30 20:25:00
185,2025-04-30 11:51:00
186,2025-05-01 05:40:00
187,2025-05-01 02:35:00
188,2025-05-02 07:28:00
189,2025-05-02 00:13:00
190,2025-04-30 12:56:00
191,2025-05-01 05:52:00
192,2025-05-02 02:58:00
193,2025-05-01 15:10:00
194,2025-04-30 09:06:00
195,2025-05-01 13:44:00
196,2025-04-30 21:47:00
197,2025-05-01 09:16:00
198,2025-05-01 23:49:00
199,2025-05-02 00:59:00
200,2025-04-30 08:06:00
201,2025-05-01 02:03:00
202,2025-05-01 00:05:00
203,2025-04-30 11:07:00
204,2025-05-01 05:54:00
205,2025-05-01 14:56:00
206,2025-04-30 21:54:00
207,2025-05-02 04:23:00
208,2025-05-01 11:30:00
209,2025-04-30 18:15:00
210,2025-05-01 15:01:00
211,2025-05-01 00:26:00
212,2025-05-01 08:01:00
213,2025-04-30 16:01:00
214,2025-05-01 00:12:00
215,2025-05-01 22:41:00
216,2025-05-01 07:49:00
217,2025-05-01 15:30:00
218,2025-05-01 04:10:00
219,2025-05-01 10:30:00
220,2025-04-30 16:38:00
221,2025-04-30 13:32:00
222,2025-05-01 08:14:00
223,2025-05-02 04:30:00
224,2025-05-01 09:40:00
225,2025-05-02 01:50:00
226,2025-05-01 19:16:00
227,2025-04-30 22:03:00
228,2025-05-01 11:06:00
229,2025-05-01 03:57:00
230,2025-05-01 06:06:00
231,2025-04-30 13:13:00
232,2025-05-01 20:28:00
233,2025-05-02 02:45:00
234,2025-05-02 04:41:00
235,2025-05-01 19:21:00
236,2025-05-01 14:16:00
237,2025-04-30 17:32:00
238,2025-04-30 19:01:00
239,2025-05-02 05:33:00
240,2025-04-30 17:07:00
241,2025-05-01 23:15:00
242,2025-05-01 10:35:00
243,2025-05-01 18:22:00
244,2025-04-30 13:23:00
245,2025-05-01 20:19:00
246,2025-05-02 01:10:00
247,2025-04-30 22:12:00
248,2025-04-30 11:42:00
249,2025-04-30 21:01:00
250,2025-04-30 17:50:00
251,2025-05-02 03:27:00
252,2025-04-30 15:38:00
253,2025-05-01 03:54:00
254,2025-04-30 19:51:00
255,2025-05-02 07:29:00
256,2025-04-30 16:54:00
257,2025-05-01 07:07:00
258,2025-05-02 06:33:00
259,2025-05-01 20:11:00
260,2025-05-01 07:20:00
261,2025-05-01 05:35:00
262,2025-04-30 18:01:00
263,2025-04-30 16:53:00
264,2025-04-30 22:25:00
265,2025-05-01 17:16:00
266,2025-05-02 07:00:00
267,2025-05-01 19:00:00
268,2025-05-01 19:20:00
269,2025-05-01 15:13:00
270,2025-05-01 15:34:00
271,2025-04-30 18:39:00
272,2025-05-01 17:15:00
273,2025-05-01 06:00:00
274,2025-05-01 04:12:00
275,2025-05-02 06:26:00
276,2025-05-01 01:02:00
277,2025-05-01 21:21:00
278,2025-04-30 18:02:00
279,2025-04-30 18:30:00
280,2025-05-01 10:49:00
281,2025-05-01 01:02:00
282,2025-04-30 16:29:00
283,2025-05-01 01:42:00
284,2025-04-30 15:01:00
285,2025-05-02 03:44:00
286,2025-04-30 11:48:00
287,2025-05-02 06:42:00
288,2025-05-01 02:52:00
289,2025-04-30 21:03:00
290,2025-04-30 23:55:00
291,2025-05-01 10:19:00
292,2025-05-02 07:53:00
293,2025-05-01 12:33:00
294,2025-05-02 02:34:00
295,2025-05-01 18:50:00
296,2025-04-30 09:52:00
297,2025-04-30 12:57:00
298,2025-05-01 14:14:00
299,2025-05-01 06:47:00
300,2025-05-01 04:42:00
301,2025-05-02 01:19:00
302,2025-05-01 16:42:00
303,2025-05-01 13:36:00
304,2025-05-01 19:34:00
305,2025-05-01 23:52:00
306,2025-05-01 18:24:00
307,2025-05-01 21:14:00
308,2025-04-30 18:49:00
309,2025-04-30 13:48:00
310,2025-05-01 14:35:00
311,2025-05-02 06:31:00
312,2025-04-30 19:47:00
313,2025-05-02 03:25:00
314,2025-04-30 12:37:00
315,2025-04-30 17:34:00
316,2025-05-02 05:46:00
317,2025-05-01 18:27:00
318,2025-05-02 00:17:00
319,2025-05-01 20:22:00
320,2025-04-30 14:26:00
321,2025-05-01 11:09:00
322,2025-04-30 17:36:00
323,2025-05-01 13:35:00
324,2025-04-30 22:39:00
325,2025-05-01 19:17:00
326,2025-04-30 19:31:00
327,2025-04-30 23:43:00
328,2025-05-01 04:04:00
329,2025-05-01 03:17:00
330,2025-05-01 18:06:00
331,2025-04-30 12:58:00
332,2025-05-02 03:31:00
333,2025-04-30 20:10:00
334,2025-04-30 11:39:00
335,2025-05-01 11:06:00
336,2025-05-01 08:46:00
337,2025-04-30 16:33:00
338,2025-05-02 04:21:00
339,2025-04-30 09:20:00
340,2025-04-30 14:24:00
341,2025-05-01 08:48:00
342,2025-05-01 13:01:00
343,2025-05-01 03:48:00
344,2025-05-02 03:14:00
345,2025-05-01 12:35:00
346,2025-05-01 20:09:00
347,2025-05-01 22:40:00
348,2025-04-30 14:13:00
349,2025-05-01 13:57:00
350,2025-04-30 10:38:00
351,2025-04-30 15:44:00
352,2025-05-01 14:34:00
353,2025-04-30 23:34:00
354,2025-05-01 16:58:00
355,2025-05-02 04:52:00
356,2025-05-01 16:20:00
357,2025-05-02 04:02:00
358,2025-04-30 08:24:00
359,2025-05-01 10:32:00
360,2025-05-01 01:25:00
361,2025-05-01 22:12:00
362,2025-05-01 05:48:00
363,2025-05-02 00:24:00
364,2025-05-02 07:17:00
365,2025-05-01 02:32:00
366,2025-05-01 21:56:00
367,2025-05-01 07:22:00
368,2025-05-01 20:11:00
369,2025-05-01 08:59:00
370,2025-05-01 04:26:00
371,2025-05-01 00:17:00
372,2025-05-02 06:42:00
373,2025-05-02 06:18:00
374,2025-05-01 05:46:00
375,2025-05-02 05:54:00
376,2025-04-30 16:22:00
377,2025-04-30 13:36:00
378,2025-05-01 15:36:00
379,2025-05-02 07:49:00
380,2025-04-30 15:22:00
381,2025-04-30 18:28:00
382,2025-04-30 15:12:00
383,2025-05-02 02:29:00
384,2025-05-01 23:49:00
385,2025-05-01 17:35:00
386,2025-05-01 04:07:00
387,2025-04-30 08:50:00
388,2025-04-30 20:45:00
389,2025-05-02 03:03:00
390,2025-04-30 20:03:00
391,2025-05-01 19:52:00
392,2025-05-01 12:59:00
393,2025-05-01 20:43:00
394,2025-05-02 01:42:00
395,2025-04-30 08:21:00
396,2025-05-01 11:42:00
397,2025-04-30 22:26:00
398,2025-05-01 11:03:00
399,2025-04-30 19:58:00
400,2025-04-30 14:13:00
401,2025-05-01 04:41:00
402,2025-04-30 20:27:00
403,2025-04-30 16:22:00
404,2025-05-01 03:31:00
405,2025-05-01 11:55:00
406,2025-04-30 19:38:00
407,2025-05-02 02:03:00
408,2025-05-01 01:27:00
409,2025-05-01 12:15:00
410,2025-04-30 08:16:00
411,2025-05-01 10:52:00
412,2025-05-01 17:17:00
413,2025-04-30 08:35:00
414,2025-05-02 07:36:00
415,2025-05-01 05:32:00
416,2025-05-02 00:02:00
417,2025-05-02 04:08:00
418,2025-05-01 20:49:00
419,2025-05-01 19:04:00
420,2025-05-01 10:40:00
421,2025-04-30 10:24:00
422,2025-05-01 23:37:00
423,2025-05-01 18:02:00
424,2025-05-01 08:22:00
425,2025-04-30 20:21:00
426,2025-05-01 10:53:00
427,2025-05-02 06:59:00
428,2025-05-01 16:42:00
429,2025-04-30 21:13:00
430,2025-05-02 07:38:00
431,2025-05-01 13:54:00
432,2025-05-01 12:19:00
433,2025-05-01 12:33:00
434,2025-05-01 09:57:00
435,2025-04-30 08:13:00
436,2025-05-02 05:39:00
437,2025-04-30 12:38:00
438,2025-05-01 09:54:00
439,2025-04-30 14:20:00
440,2025-05-01 22:09:00
441,2025-05-01 02:05:00
442,2025-05-01 19:51:00
443,2025-05-01 21:33:00
444,2025-05-01 12:12:00
445,2025-05-01 11:54:00
446,2025-05-01 07:26:00
447,2025-05-01 18:58:00
448,2025-04-30 23:05:00
449,2025-05-01 11:23:00
450,2025-05-02 04:31:00
451,2025-05-01 12:03:00
452,2025-05-02 02:46:00
453,2025-05-01 20:15:00
454,2025-04-30 11:00:00
455,2025-05-01 03:49:00
456,2025-04-30 23:17:00
457,2025-05-01 17:02:00
458,2025-04-30 17:49:00
459,2025-05-01 00:46:00
460,2025-05-01 01:59:00
461,2025-04-30 15:24:00
462,2025-05-01 03:31:00
463,2025-05-01 18:13:00
464,2025-05-02 02:16:00
465,2025-04-30 09:01:00
466,2025-05-01 04:33:00
467,2025-05-01 13:13:00
468,2025-05-01 13:27:00
469,2025-04-30 11:55:00
470,2025-04-30 10:58:00
471,2025-05-01 11:20:00
472,2025-05-01 04:29:00
473,2025-04-30 19:56:00
474,2025-05-01 20:23:00
475,2025-05-01 01:41:00
476,2025-05-01 09:51:00
477,2025-05-01 13:07:00
478,2025-04-30 11:22:00
479,2025-05-01 13:18:00
480,2025-04-30 18:58:00
481,2025-05-01 13:35:00
482,2025-05-01 12:43:00
483,2025-04-30 12:52:00
484,2025-05-01 15:18:00
485,2025-05-01 23:53:00
486,2025-04-30 17:27:00
487,2025-05-01 16:41:00
488,2025-05-02 02:10:00
489,2025-05-01 22:29:00
490,2025-05-02 00:59:00
491,2025-05-01 01:50:00
492,2025-05-01 05:06:00
493,2025-05-01 03:10:00
494,2025-05-01 02:22:00
495,2025-05-01 16:27:00
496,2025-04-30 13:46:00
497,2025-04-30 08:53:00
498,2025-05-01 07:01:00
499,2025-05-01 16:26:00
500,2025-05-01 06:06:00
501,2025-05-01 03:56:00
502,2025-05-01 20:18:00
503,2025-04-30 23:23:00
504,2025-05-01 01:50:00
505,2025-04-30 12:35:00
506,2025-05-01 07:38:00
507,2025-05-01 09:11:00
508,2025-05-01 15:52:00
509,2025-04-30 18:30:00
510,2025-05-01 05:45:00
511,2025-05-01 02:58:00
512,2025-05-01 21:42:00
513,2025-04-30 10:22:00
514,2025-05-01 07:46:00
515,2025-05-01 09:01:00
516,2025-05-02 00:33:00
517,2025-05-01 22:30:00
518,2025-05-02 04:14:00
519,2025-05-02 06:11:00
520,2025-05-02 01:00:00
521,2025-05-01 11:21:00
522,2025-05-02 07:35:00
523,2025-04-30 17:59:00
524,2025-05-02 02:37:00
525,2025-04-30 16:34:00
526,2025-04-30 17:22:00
527,2025-04-30 23:31:00
528,2025-05-01 19:35:00
529,2025-05-01 22:03:00
530,2025-05-02 03:04:00
531,2025-05-01 04:52:00
532,2025-05-01 07:43:00
533,2025-04-30 13:49:00
534,2025-05-01 11:15:00
535,2025-05-01 07:20:00
536,2025-05-01 10:34:00
537,2025-05-01 13:13:00
538,2025-05-01 05:10:00
539,2025-05-02 03:05:00
540,2025-05-01 05:24:00
541,2025-05-01 23:06:00
542,2025-04-30 18:31:00
543,2025-04-30 23:54:00
544,2025-05-01 23:29:00
545,2025-05-01 15:34:00
546,2025-04-30 22:53:00
547,2025-05-01 10:24:00
548,2025-05-01 19:22:00
549,2025-05-01 16:59:00
550,2025-05-01 05:21:00
551,2025-05-01 08:16:00
552,2025-05-01 01:17:00
553,2025-05-02 01:59:00
554,2025-04-30 23:43:00
555,2025-05-02 01:52:00
556,2025-04-30 09:30:00
557,2025-05-02 04:18:00
558,2025-05-01 09:10:00
559,2025-05-02 07:09:00
560,2025-05-01 08:09:00
561,2025-05-01 17:18:00
562,2025-05-01 02:29:00
563,2025-05-01 17:29:00
564,2025-05-01 09:21:00
565,2025-05-01 08:45:00
566,2025-05-01 09:14:00
567,2025-05-01 09:25:00
568,2025-05-01 06:07:00
569,2025-04-30 23:03:00
570,2025-05-01 02:50:00
571,2025-05-02 02:52:00
572,2025-05-01 06:46:00
573,2025-04-30 21:12:00
574,2025-05-01 10:41:00
575,2025-05-01 15:11:00
576,2025-05-02 00:07:00
577,2025-05-01 23:44:00
578,2025-05-01 12:24:00
579,2025-05-01 13:48:00
580,2025-04-30 18:20:00
581,2025-05-01 10:39:00
582,2025-05-01 20:15:00
583,2025-04-30 17:37:00
584,2025-05-01 00:26:00
585,2025-04-30 11:16:00
586,2025-05-01 23:33:00
587,2025-04-30 16:59:00
588,2025-05-01 04:42:00
589,2025-05-02 01:35:00
590,2025-05-01 19:50:00
591,2025-05-01 02:49:00
592,2025-05-01 02:39:00
593,2025-05-01 19:54:00
594,2025-05-02 06:13:00
595,2025-05-01 17:45:00
596,2025-05-01 23:20:00
597,2025-05-01 23:17:00
598,2025-05-01 03:42:00
599,2025-05-01 13:23:00
600,2025-05-01 06:29:00
601,2025-05-01 20:06:00
602,2025-04-30 09:58:00
603,2025-04-30 12:55:00
604,2025-04-30 09:54:00
605,2025-05-01 23:42:00
606,2025-05-02 05:46:00
607,2025-04-30 14:55:00
608,2025-05-02 03:51:00
609,2025-05-01 23:57:00
610,2025-05-02 01:15:00
611,2025-05-01 23:42:00
612,2025-05-02 07:44:00
613,2025-05-01 11:25:00
614,2025-05-01 02:57:00
615,2025-05-01 12:09:00
616,2025-05-01 06:37:00
617,2025-04-30 14:51:00
618,2025-05-01 03:41:00
619,2025-05-01 16:43:00
620,2025-05-01 10:07:00
621,2025-05-01 11:53:00
622,2025-04-30 22:22:00
623,2025-04-30 16:44:00
624,2025-05-01 19:24:00
625,2025-05-01 03:59:00
626,2025-04-30 11:13:00
627,2025-05-02 01:27:00
628,2025-05-02 04:35:00
629,2025-04-30 23:31:00
630,2025-04-30 17:35:00
631,2025-04-30 20:32:00
632,2025-04-30 12:57:00
633,2025-05-01 13:03:00
634,2025-05-01 16:52:00
635,2025-04-30 14:00:00
636,2025-05-02 04:38:00
637,2025-05-01 21:29:00
638,2025-05-01 23:32:00
639,2025-04-30 14:16:00
640,2025-05-01 07:59:00
641,2025-04-30 13:19:00
642,2025-05-02 04:41:00
643,2025-05-02 03:29:00
644,2025-05-01 07:18:00
645,2025-05-01 17:51:00
646,2025-05-01 21:19:00
647,2025-05-01 02:14:00
648,2025-05-01 21:08:00
649,2025-05-01 12:43:00
650,2025-05-02 07:44:00
651,2025-05-01 16:28:00
652,2025-05-02 02:38:00
653,2025-05-01 13:20:00
654,2025-04-30 20:36:00
655,2025-04-30 13:47:00
656,2025-04-30 15:17:00
657,2025-05-01 06:36:00
658,2025-04-30 14:42:00
659,2025-04-30 15:15:00
660,2025-04-30 16:55:00
661,2025-05-01 20:28:00
662,2025-04-30 16:11:00
663,2025-05-01 16:23:00
664,2025-05-01 08:52:00
665,2025-05-02 07:37:00
666,2025-04-30 15:15:00
667,2025-05-01 10:17:00
668,2025-05-01 19:49:00
669,2025-05-02 00:10:00
670,2025-04-30 14:07:00
671,2025-05-01 05:10:00
672,2025-05-02 06:23:00
673,2025-04-30 08:57:00
674,2025-05-01 17:01:00
675,2025-05-01 17:49:00
676,2025-04-30 19:17:00
677,2025-05-02 04:22:00
678,2025-05-01 06:19:00
679,2025-05-01 11:40:00
680,2025-05-01 13:03:00
681,2025-04-30 17:34:00
682,2025-05-01 21:48:00
683,2025-05-02 03:07:00
684,2025-05-01 12:10:00
685,2025-04-30 13:45:00
686,2025-04-30 20:26:00
687,2025-05-01 12:42:00
688,2025-04-30 17:28:00
689,2025-04-30 14:07:00
690,2025-05-01 16:46:00
691,2025-05-01 21:44:00
692,2025-05-01 04:12:00
693,2025-05-01 09:28:00
694,2025-05-02 03:14:00
695,2025-04-30 22:01:00
696,2025-04-30 11:36:00
697,2025-04-30 17:07:00
698,2025-05-02 01:52:00
699,2025-05-01 00:12:00
700,2025-05-01 12:40:00
701,2025-05-01 00:32:00
702,2025-05-02 06:39:00
703,2025-05-02 02:24:00
704,2025-05-01 12:58:00
705,2025-05-01 09:25:00
706,2025-05-02 01:03:00
707,2025-05-01 18:59:00
708,2025-04-30 09:09:00
709,2025-05-01 18:39:00
710,2025-05-01 11:32:00
711,2025-05-02 00:57:00
712,2025-04-30 09:35:00
713,2025-05-01 10:03:00
714,2025-05-01 15:45:00
715,2025-05-01 19:39:00
716,2025-04-30 22:55:00
717,2025-04-30 15:39:00
718,2025-04-30 19:27:00
719,2025-05-02 00:55:00
720,2025-05-01 09:01:00
721,2025-05-01 17:25:00
722,2025-05-01 15:16:00
723,2025-05-01 07:45:00
724,2025-05-01 01:26:00
725,2025-05-01 12:22:00
726,2025-05-02 06:20:00
727,2025-05-01 02:06:00
728,2025-05-02 02:33:00
729,2025-04-30 09:05:00
730,2025-05-01 15:24:00
731,2025-05-01 16:23:00
732,2025-05-01 07:16:00
733,2025-05-01 09:21:00
734,2025-05-01 20:21:00
735,2025-04-30 09:32:00
736,2025-04-30 21:27:00
737,2025-05-01 06:02:00
738,2025-04-30 11:23:00
739,2025-05-01 16:34:00
740,2025-05-01 04:43:00
741,2025-05-01 03:42:00
742,2025-05-01 13:38:00
743,2025-05-01 17:41:00
744,2025-05-02 02:37:00
745,2025-04-30 15:04:00
746,2025-05-01 19:35:00
747,2025-05-02 04:47:00
748,2025-04-30 11:19:00
749,2025-04-30 23:08:00
750,2025-04-30 12:58:00
751,2025-05-01 22:50:00
752,2025-04-30 15:54:00
753,2025-04-30 15:04:00
754,2025-05-01 08:03:00
755,2025-05-01 15:48:00
756,2025-05-01 12:20:00
757,2025-05-01 02:02:00
758,2025-05-01 15:49:00
759,2025-04-30 21:45:00
760,2025-04-30 20:53:00
761,2025-05-01 21:08:00
762,2025-05-01 23:52:00
763,2025-05-01 12:21:00
764,2025-05-02 05:51:00
765,2025-04-30 09:55:00
766,2025-05-01 22:05:00
767,2025-05-02 03:39:00
768,2025-04-30 15:33:00
769,2025-04-30 10:57:00
770,2025-05-01 03:19:00
771,2025-04-30 14:13:00
772,2025-05-01 00:08:00
773,2025-05-01 10:15:00
774,2025-04-30 09:32:00
775,2025-05-01 02:41:00
776,2025-05-01 09:31:00
777,2025-04-30 10:34:00
778,2025-04-30 23:03:00
779,2025-05-01 00:40:00
780,2025-04-30 20:51:00
781,2025-05-01 22:51:00
782,2025-05-01 15:59:00
783,2025-05-01 12:32:00
784,2025-04-30 11:43:00
785,2025-05-02 03:31:00
786,2025-05-01 17:10:00
787,2025-04-30 10:11:00
788,2025-04-30 19:37:00
789,2025-05-02 04:03:00
790,2025-05-01 09:29:00
791,2025-05-01 23:26:00
792,2025-04-30 09:41:00
793,2025-04-30 21:15:00
794,2025-05-01 04:48:00
795,2025-04-30 12:06:00
796,2025-05-01 18:42:00
797,2025-05-02 05:55:00
798,2025-05-01 19:35:00
799,2025-04-30 16:14:00
800,2025-04-30 19:18:00
801,2025-05-01 13:17:00
802,2025-04-30 20:43:00
803,2025-05-01 12:30:00
804,2025-04-30 08:10:00
805,2025-05-01 14:04:00
806,2025-05-01 11:36:00
807,2025-05-01 03:16:00
808,2025-05-01 13:24:00
809,2025-05-02 02:09:00
810,2025-04-30 22:56:00
811,2025-04-30 23:54:00
812,2025-05-02 01:19:00
813,2025-05-01 15:50:00
814,2025-04-30 14:03:00
815,2025-05-01 18:30:00
816,2025-05-01 11:27:00
817,2025-04-30 19:18:00
818,2025-05-01 08:11:00
819,2025-05-01 20:34:00
820,2025-05-01 20:24:00
821,2025-05-01 21:23:00
822,2025-05-02 05:29:00
823,2025-05-01 10:03:00
824,2025-05-01 18:30:00
825,2025-05-01 12:31:00
826,2025-04-30 09:34:00
827,2025-05-01 09:52:00
828,2025-05-01 23:33:00
829,2025-04-30 11:14:00
830,2025-04-30 19:22:00
831,2025-04-30 17:02:00
832,2025-04-30 19:03:00
833,2025-04-30 16:07:00
834,2025-05-01 21:00:00
835,2025-05-02 06:19:00
836,2025-04-30 09:59:00
837,2025-05-02 05:14:00
838,2025-05-02 03:14:00
839,2025-04-30 23:02:00
840,2025-04-30 11:43:00
841,2025-05-01 12:04:00
842,2025-05-01 12:23:00
843,2025-05-01 06:11:00
844,2025-04-30 15:45:00
845,2025-04-30 22:53:00
846,2025-05-02 01:32:00
847,2025-05-01 15:00:00
848,2025-05-02 00:47:00
849,2025-05-01 02:52:00
850,2025-05-01 22:30:00
851,2025-05-01 13:36:00
852,2025-05-01 02:56:00
853,2025-05-01 10:58:00
854,2025-05-01 02:32:00
855,2025-05-01 00:07:00
856,2025-05-02 03:56:00
857,2025-05-01 20:28:00
858,2025-05-02 03:56:00
859,2025-05-01 20:49:00
860,2025-05-01 12:40:00
861,2025-05-01 23:52:00
862,2025-05-02 04:29:00
863,2025-05-01 19:38:00
864,2025-05-01 11:03:00
865,2025-05-01 05:15:00
866,2025-05-01 07:23:00
867,2025-05-01 12:51:00
868,2025-05-01 23:13:00
869,2025-04-30 23:57:00
870,2025-05-01 12:43:00
871,2025-05-01 15:01:00
872,2025-05-01 17:00:00
873,2025-05-01 00:14:00
874,2025-04-30 18:47:00
875,2025-04-30 18:40:00
876,2025-04-30 18:58:00
877,2025-05-01 23:47:00
878,2025-04-30 09:04:00
879,2025-05-02 07:50:00
880,2025-04-30 23:15:00
881,2025-05-01 09:14:00
882,2025-05-01 18:18:00
883,2025-04-30 18:26:00
884,2025-04-30 23:41:00
885,2025-05-01 11:17:00
886,2025-04-30 18:33:00
887,2025-04-30 22:52:00
888,2025-05-01 02:05:00
889,2025-04-30 22:32:00
890,2025-05-01 19:00:00
891,2025-04-30 23:58:00
892,2025-04-30 19:44:00
893,2025-05-01 17:03:00
894,2025-04-30 09:00:00
895,2025-05-01 23:22:00
896,2025-05-02 03:59:00
897,2025-05-01 03:36:00
898,2025-05-01 22:31:00
899,2025-04-30 17:53:00
900,2025-05-01 12:37:00
901,2025-05-02 04:46:00
902,2025-04-30 21:15:00
903,2025-05-01 02:21:00
904,2025-05-01 03:23:00
905,2025-05-01 09:09:00
906,2025-05-01 17:20:00
907,2025-05-02 03:28:00
908,2025-04-30 15:54:00
909,2025-05-02 04:58:00
910,2025-04-30 16:14:00
911,2025-05-01 21:55:00
912,2025-05-01 22:40:00
913,2025-04-30 20:14:00
914,2025-05-02 04:07:00
915,2025-05-01 19:38:00
916,2025-05-02 01:57:00
917,2025-05-01 21:26:00
918,2025-05-01 17:58:00
919,2025-05-01 01:14:00
920,2025-05-02 02:32:00
921,2025-05-01 05:35:00
922,2025-04-30 13:21:00
923,2025-05-01 16:07:00
924,2025-05-01 12:19:00
925,2025-05-01 07:29:00
926,2025-05-02 07:21:00
927,2025-04-30 10:02:00
928,2025-05-01 06:49:00
929,2025-04-30 09:13:00
930,2025-04-30 17:39:00
931,2025-05-02 02:22:00
932,2025-05-01 09:43:00
933,2025-04-30 22:37:00
934,2025-05-01 16:27:00
935,2025-05-01 19:47:00
936,2025-05-02 00:33:00
937,2025-04-30 12:05:00
938,2025-04-30 20:18:00
939,2025-04-30 18:19:00
940,2025-05-01 15:22:00
941,2025-05-02 01:15:00
942,2025-05-01 07:06:00
943,2025-05-01 12:16:00
944,2025-04-30 23:32:00
945,2025-04-30 15:17:00
946,2025-05-01 16:38:00
947,2025-05-01 19:39:00
948,2025-04-30 12:02:00
949,2025-05-01 16:54:00
950,2025-05-01 18:52:00
951,2025-05-01 02:51:00
952,2025-05-01 19:02:00
953,2025-05-01 12:52:00
954,2025-05-01 15:33:00
955,2025-05-01 00:23:00
956,2025-04-30 10:19:00
957,2025-04-30 22:51:00
958,2025-04-30 19:12:00
959,2025-04-30 09:10:00
960,2025-05-01 08:14:00
961,2025-05-01 09:20:00
962,2025-05-01 04:53:00
963,2025-05-01 07:30:00
964,2025-05-01 09:29:00
965,2025-05-02 05:08:00
966,2025-05-02 07:41:00
967,2025-05-01 23:41:00
968,2025-04-30 22:24:00
969,2025-05-01 06:48:00
970,2025-05-01 17:14:00
971,2025-05-01 19:04:00
972,2025-05-01 03:50:00
973,2025-05-01 15:58:00
974,2025-05-02 00:23:00
975,2025-05-02 04:57:00
976,2025-05-01 12:55:00
977,2025-05-01 19:13:00
978,2025-05-01 18:16:00
979,2025-05-01 17:14:00
980,2025-05-02 05:28:00
981,2025-04-30 21:50:00
982,2025-05-02 02:29:00
983,2025-04-30 20:23:00
984,2025-04-30 20:06:00
985,2025-04-30 08:14:00
986,2025-04-30 15:49:00
987,2025-05-01 20:32:00
988,2025-05-01 08:41:00
989,2025-04-30 11:02:00
990,2025-04-30 10:25:00
991,2025-04-30 19:10:00
992,2025-05-01 11:51:00
993,2025-05-02 01:32:00
994,2025-05-01 02:37:00
995,2025-04-30 18:27:00
996,2025-04-30 20:08:00
997,2025-05-01 10:42:00
998,2025-04-30 20:00:00
999,2025-04-30 10:40:00
1000,2025-04-30 23:56:00
1001,2025-05-01 00:31:00
1002,2025-05-01 14:19:00
1003,2025-04-30 17:40:00
1004,2025-04-30 18:07:00
1005,2025-05-01 03:59:00
1006,2025-05-01 00:28:00
1007,2025-05-01 09:09:00
1008,2025-05-02 06:39:00
1009,2025-04-30 11:52:00
1010,2025-05-02 05:32:00
1011,2025-05-01 04:08:00
1012,2025-05-01 08:14:00
1013,2025-05-01 08:05:00
1014,2025-05-02 00:16:00
1015,2025-05-02 06:12:00
1016,2025-05-01 10:22:00
1017,2025-05-02 05:30:00
1018,2025-05-01 09:10:00
1019,2025-05-01 07:39:00
1020,2025-05-01 10:04:00
1021,2025-05-01 07:37:00
1022,2025-04-30 19:21:00
1023,2025-05-01 12:32:00
1024,2025-05-01 16:25:00
1025,2025-05-01 01:34:00
1026,2025-05-01 20:46:00
1027,2025-05-01 13:27:00
1028,2025-04-30 12:04:00
1029,2025-05-01 19:32:00
1030,2025-05-01 02:33:00
1031,2025-05-02 05:33:00
1032,2025-04-30 15:15:00
1033,2025-05-01 19:54:00
1034,2025-04-30 15:48:00
1035,2025-04-30 09:32:00
1036,2025-05-01 09:24:00
1037,2025-04-30 18:21:00
1038,2025-04-30 23:10:00
1039,2025-04-30 13:42:00
1040,2025-05-01 19:19:00
1041,2025-05-01 15:50:00
1042,2025-05-01 03:29:00
1043,2025-04-30 15:30:00
1044,2025-05-01 03:47:00
1045,2025-05-02 04:12:00
1046,2025-05-02 04:11:00
1047,2025-05-01 15:34:00
1048,2025-05-01 14:22:00
1049,2025-05-01 13:02:00
1050,2025-05-02 01:36:00
1051,2025-05-02 03:26:00
1052,2025-05-01 23:08:00
1053,2025-05-01 12:52:00
1054,2025-05-01 23:20:00
1055,2025-04-30 22:47:00
1056,2025-05-02 05:45:00
1057,2025-04-30 22:24:00
1058,2025-05-01 15:26:00
1059,2025-04-30 13:30:00
1060,2025-05-01 16:41:00
1061,2025-05-01 22:44:00
1062,2025-05-01 16:26:00
1063,2025-05-01 17:44:00
1064,2025-05-02 07:57:00
1065,2025-04-30 10:29:00
1066,2025-05-01 20:46:00
1067,2025-05-01 07:12:00
1068,2025-05-01 11:35:00
1069,2025-05-02 01:19:00
1070,2025-05-01 03:43:00
1071,2025-04-30 08:07:00
1072,2025-04-30 11:45:00
1073,2025-05-01 15:20:00
1074,2025-05-01 15:58:00
1075,2025-05-01 00:06:00
1076,2025-04-30 22:46:00
1077,2025-04-30 21:22:00
1078,2025-05-01 14:02:00
1079,2025-04-30 10:06:00
1080,2025-05-01 16:15:00
1081,2025-05-02 01:58:00
1082,2025-05-01 15:20:00
1083,2025-04-30 08:48:00
1084,2025-05-01 06:21:00
1085,2025-05-01 23:08:00
1086,2025-05-01 19:07:00
1087,2025-04-30 18:22:00
1088,2025-04-30 23:51:00
1089,2025-05-02 06:56:00
1090,2025-05-02 00:46:00
1091,2025-05-02 03:29:00
1092,2025-05-01 06:09:00
1093,2025-05-01 16:04:00
1094,2025-05-01 18:36:00
1095,2025-04-30 15:22:00
1096,2025-05-01 00:12:00
1097,2025-05-01 13:32:00
1098,2025-05-02 06:18:00
1099,2025-04-30 19:38:00
1100,2025-04-30 09:52:00
1101,2025-05-01 05:52:00
1102,2025-04-30 12:54:00
1103,2025-05-01 11:15:00
1104,2025-05-01 12:34:00
1105,2025-05-01 14:33:00
1106,2025-05-01 13:41:00
1107,2025-05-01 09:02:00
1108,2025-04-30 19:54:00
1109,2025-05-02 05:11:00
1110,2025-05-01 13:31:00
1111,2025-05-01 12:34:00
1112,2025-05-01 06:10:00
1113,2025-04-30 09:56:00
1114,2025-04-30 22:11:00
1115,2025-04-30 14:03:00
1116,2025-04-30 15:15:00
1117,2025-04-30 08:58:00
1118,2025-04-30 19:38:00
1119,2025-05-02 02:46:00
1120,2025-05-01 02:02:00
1121,2025-05-01 13:44:00
1122,2025-05-01 11:02:00
1123,2025-05-02 04:08:00
1124,2025-05-01 22:30:00
1125,2025-04-30 19:22:00
1126,2025-05-01 02:10:00
1127,2025-04-30 12:32:00
1128,2025-05-01 05:04:00
1129,2025-05-01 03:20:00
1130,2025-05-01 21:01:00
1131,2025-05-01 23:52:00
1132,2025-05-01 10:52:00
1133,2025-04-30 22:55:00
1134,2025-05-01 15:18:00
1135,2025-04-30 18:16:00
1136,2025-05-01 15:09:00
1137,2025-05-01 05:57:00
1138,2025-04-30 13:10:00
1139,2025-05-01 09:48:00
1140,2025-04-30 19:29:00
1141,2025-04-30 18:32:00
1142,2025-04-30 18:52:00
1143,2025-05-01 08:20:00
1144,2025-05-02 07:20:00
1145,2025-05-01 23:31:00
1146,2025-05-01 08:16:00
1147,2025-05-01 06:42:00
1148,2025-04-30 13:08:00
1149,2025-04-30 15:44:00
1150,2025-05-01 07:03:00
1151,2025-05-01 18:28:00
1152,2025-05-01 23:27:00
1153,2025-05-01 09:39:00
1154,2025-05-01 03:48:00
1155,2025-04-30 18:12:00
1156,2025-05-01 06:58:00
1157,2025-05-01 23:45:00
1158,2025-05-02 02:08:00
1159,2025-05-01 20:49:00
1160,2025-04-30 16:56:00
1161,2025-05-01 02:09:00
1162,2025-04-30 16:13:00
1163,2025-05-01 12:43:00
1164,2025-04-30 21:06:00
1165,2025-05-02 07:14:00
1166,2025-05-02 02:05:00
1167,2025-05-01 14:40:00
1168,2025-05-02 07:48:00
1169,2025-05-01 04:53:00
1170,2025-05-01 02:50:00
1171,2025-04-30 10:52:00
1172,2025-04-30 20:58:00
1173,2025-05-02 05:51:00
1174,2025-05-01 22:04:00
1175,2025-04-30 20:48:00
1176,2025-05-02 03:53:00
1177,2025-04-30 08:58:00
1178,2025-05-01 23:49:00
1179,2025-05-01 03:28:00
1180,2025-05-01 21:44:00
1181,2025-04-30 21:05:00
1182,2025-04-30 20:35:00
1183,2025-05-01 18:21:00
1184,2025-04-30 14:46:00
1185,2025-04-30 10:44:00
1186,2025-04-30 23:59:00
1187,2025-05-01 19:35:00
1188,2025-05-01 21:14:00
1189,2025-05-02 01:01:00
1190,2025-05-01 18:11:00
1191,2025-04-30 17:26:00
1192,2025-05-01 06:17:00
1193,2025-05-01 19:13:00
1194,2025-05-01 05:36:00
1195,2025-05-01 02:37:00
1196,2025-04-30 13:49:00
1197,2025-04-30 17:19:00
1198,2025-04-30 22:25:00
1199,2025-05-01 17:55:00
1200,2025-05-01 05:24:00
1201,2025-05-02 06:57:00
1202,2025-05-01 08:32:00
1203,2025-05-01 07:59:00
1204,2025-05-02 00:01:00
1205,2025-05-01 21:55:00
1206,2025-05-02 03:36:00
1207,2025-04-30 22:39:00
1208,2025-05-02 06:57:00
1209,2025-05-02 02:30:00
1210,2025-05-01 12:25:00
1211,2025-05-01 19:39:00
1212,2025-04-30 08:34:00
1213,2025-05-01 01:46:00
1214,2025-05-01 10:56:00
1215,2025-05-02 02:20:00
1216,2025-05-01 19:17:00
1217,2025-05-02 05:33:00
1218,2025-05-02 03:34:00
1219,2025-04-30 14:03:00
1220,2025-05-01 08:09:00
1221,2025-05-01 01:55:00
1222,2025-04-30 12:59:00
1223,2025-05-01 05:38:00
1224,2025-05-01 11:09:00
1225,2025-05-01 00:00:00
1226,2025-05-01 17:29:00
1227,2025-05-02 06:42:00
1228,2025-05-01 07:06:00
1229,2025-05-01 13:28:00
1230,2025-04-30 13:58:00
1231,2025-05-01 14:36:00
1232,2025-05-01 17:28:00
1233,2025-05-01 21:21:00
1234,2025-05-02 04:42:00
1235,2025-05-01 00:58:00
1236,2025-04-30 22:27:00
1237,2025-05-01 18:16:00
1238,2025-04-30 10:35:00
1239,2025-05-01 04:44:00
1240,2025-05-01 13:18:00
1241,2025-05-01 00:08:00
1242,2025-05-01 04:11:00
1243,2025-04-30 22:50:00
1244,2025-05-01 21:19:00
1245,2025-05-02 06:40:00
1246,2025-05-01 02:52:00
1247,2025-05-01 17:41:00
1248,2025-05-02 05:41:00
1249,2025-04-30 22:56:00
1250,2025-05-01 15:02:00
1251,2025-05-01 13:09:00
1252,2025-04-30 10:57:00
1253,2025-05-01 12:41:00
1254,2025-05-01 00:24:00
1255,2025-04-30 16:55:00
1256,2025-04-30 23:47:00
1257,2025-04-30 08:22:00
1258,2025-04-30 20:29:00
1259,2025-05-01 14:30:00
1260,2025-05-01 12:29:00
1261,2025-04-30 11:21:00
1262,2025-04-30 10:38:00
1263,2025-05-01 09:26:00
1264,2025-05-01 10:32:00
1265,2025-05-01 06:35:00
1266,2025-05-01 14:14:00
1267,2025-04-30 17:50:00
1268,2025-04-30 15:02:00
1269,2025-05-02 04:18:00
1270,2025-05-01 05:39:00
1271,2025-04-30 18:53:00
1272,2025-05-01 18:53:00
1273,2025-05-02 06:46:00
1274,2025-05-01 22:42:00
1275,2025-05-01 05:58:00
1276,2025-05-01 21:57:00
1277,2025-05-01 05:55:00
1278,2025-05-01 01:41:00
1279,2025-04-30 08:02:00
1280,2025-05-02 04:54:00
1281,2025-05-02 04:37:00
1282,2025-05-01 19:29:00
1283,2025-05-01 00:45:00
1284,2025-05-01 06:07:00
1285,2025-05-01 03:17:00
1286,2025-05-02 04:54:00
1287,2025-05-01 00:44:00
1288,2025-05-01 10:34:00
1289,2025-04-30 15:49:00
1290,2025-05-01 09:31:00
1291,2025-04-30 13:25:00
1292,2025-04-30 12:01:00
1293,2025-05-01 15:46:00
1294,2025-05-01 10:19:00
1295,2025-05-01 00:06:00
1296,2025-04-30 20:10:00
1297,2025-05-01 16:36:00
1298,2025-05-01 00:39:00
1299,2025-04-30 13:23:00
1300,2025-05-01 22:50:00
1301,2025-05-01 13:40:00
1302,2025-05-02 02:21:00
1303,2025-05-01 10:02:00
1304,2025-04-30 11:29:00
1305,2025-05-01 20:20:00
1306,2025-05-01 07:56:00
1307,2025-04-30 09:38:00
1308,2025-04-30 23:55:00
1309,2025-04-30 16:15:00
1310,2025-04-30 18:54:00
1311,2025-05-01 22:06:00
1312,2025-04-30 11:25:00
1313,2025-04-30 21:03:00
1314,2025-05-01 19:21:00
1315,2025-05-01 04:44:00
1316,2025-05-02 04:56:00
1317,2025-05-01 22:40:00
1318,2025-04-30 11:37:00
1319,2025-04-30 17:37:00
1320,2025-05-01 06:10:00
1321,2025-04-30 22:39:00
1322,2025-04-30 13:03:00
1323,2025-04-30 15:52:00
1324,2025-04-30 23:13:00
1325,2025-05-01 17:48:00
1326,2025-05-02 04:07:00
1327,2025-04-30 14:01:00
1328,2025-05-02 00:04:00
1329,2025-05-01 20:39:00
1330,2025-05-02 07:40:00
1331,2025-04-30 11:44:00
1332,2025-04-30 11:51:00
1333,2025-05-01 04:42:00
1334,2025-05-01 19:57:00
1335,2025-04-30 11:39:00
1336,2025-04-30 22:47:00
1337,2025-05-01 00:15:00
1338,2025-05-01 08:48:00
1339,2025-05-01 02:34:00
1340,2025-05-01 13:53:00
1341,2025-05-01 07:51:00
1342,2025-05-01 15:51:00
1343,2025-05-01 15:24:00
1344,2025-05-01 02:58:00
1345,2025-04-30 10:16:00
1346,2025-05-02 02:10:00
1347,2025-05-01 13:15:00
1348,2025-04-30 18:18:00
1349,2025-04-30 12:02:00
1350,2025-05-01 04:26:00
1351,2025-05-01 23:29:00
1352,2025-05-02 05:50:00
1353,2025-04-30 23:50:00
1354,2025-05-02 07:01:00
1355,2025-04-30 18:35:00
1356,2025-05-01 23:07:00
1357,2025-05-02 01:28:00
1358,2025-04-30 21:19:00
1359,2025-05-01 10:49:00
1360,2025-05-01 00:24:00
1361,2025-05-02 00:19:00
1362,2025-04-30 10:58:00
1363,2025-05-01 06:39:00
1364,2025-05-01 02:57:00
1365,2025-05-02 02:36:00
1366,2025-04-30 19:10:00
1367,2025-05-02 01:23:00
1368,2025-05-01 18:44:00
1369,2025-05-01 04:19:00
